﻿{
	"name": "Model Space Shooter",
	"version": "1.0",
	"description": "A model top-down space shooter",
	"id": "com.colestock.game.modelspaceshooter",
	"viewport-width": 640,
	"viewport-height": 960,
	"author": "James Colestock",
	"email": "james@colestock.com",
	"website": "http://www.colestock.com",
	"orientations": "portrait",
	"c2version": "227",
	"used-plugins": [
		"Audio",
		"Browser",
		"Keyboard",
		"Mouse",
		"Sprite",
		"Text",
		"TiledBg",
		"Touch"
	],
	"used-behaviors": [
		"Bullet",
		"EightDir",
		"Fade",
		"Pin",
		"scrollto"
	]
}